id,firm_id,locality_id,address,latitude,longitude
"2","7","903","Ruta Nacional 5 Km 451 (Ascendente) Y Ruta Nac 33 None","-36.01397","-62.75145"
"5","11","13","Avenida Del Libertador 14893","-34.476462","-58.498691"
"6","11","673","Avenida Maip","-34.504436","-58.494046"
"7","11","825","Diego Carman 451","-34.494991","-58.545393"
"8","11","714","Boulevard Rocha 1352","-33.903449","-60.569741"
"10","7","1403","Avenida Hipolito Yrigoyen 1730 Y Maria Humphreys 1730","-43.2634","-65.29137"
"12","10","3284","Av. Peru 2760","-32.871591","-68.843574"
"14","10","368","Ruta 11 Km 330","-36.58216639","-56.71463675"
"16","2","4846","Av Estrugamou 1657","-33.75","-61.965641"
"25","26","2823","Dorrego 965","-32.946554","-60.649656"
"26","26","2823","Mendoza 7675","-32.94079","-60.726586"
"27","14","4405","Maipu 1332","-51.63219","-69.19812"
"30","26","2823","Entre Rios 2361","-32.964284","-60.645497"
"31","14","3567","Copahue 100","-38.9304","-69.21067"
"35","2","896","Cl Marcos Sastre 2763","-34.4574987","-58.6816499"
"43","3","466","Ituzaingo 43","-34.5832","-60.9565"
"45","3","1560","Moyano Saul 200","-31.3451","-64.3388"
"50","10","3899","Honduras 3862","-34.5941284","-58.417548"
"51","10","1130","San Martin 122","-34.5791981","-58.5361636"
"52","10","764","Av. Rivadavia 13810","-34.6402654","-58.5617807"
"53","10","1592","Sanabria 3320","-34.6062442","-58.5106551"
"54","10","857","Av. La Plata 3635","-34.6002123","-58.5446567"
"57","10","2612","Av. Monroe 5055","-34.5740766","-58.4859548"
"58","2","2446","Sarmiento 0","-32.070467","-60.637659"
"60","13","1560","Ruta Provincial 5 E/ Reconquista Y Publica 0","-31.6592","-64.4098"
"61","29","1560","Rodriguez Del Busto 4086","-31.366472","-64.219389"
"62","29","1560","Av. Fuerza Aerea 1700","-31.428833","-64.212639"
"63","29","1560","Colectora Norte De Circ. Sur Esq. Hipolito Cejas None","-31.463694","-64.214305"
"64","29","1560","Agustin Garzon 1252","-31.424833","-64.167944"
"65","29","2008","Av. Sarmiento 1037","-31.126667","-64.29525"
"66","29","1560","Colectora Sur De Circ. Sur Esq. Benjamin Victoria None","-31.455694","-64.140194"
"67","4","4846","Boulevard 12 De Octubre 1060","-33.748098","-61.979163"
"69","2","673","Av Maipu 2949","-34.5089427","-58.4918272"
"71","2","312","Cl Bossigna 783","-34.8571545","-57.9168134"
"77","21","1982","Martinez Rogeli 574","-32.45129","-64.39178"
"78","21","2049","Julio Ballofet 2700","-34.63611","-68.3673"
"80","21","594","9 De Julio Y Luzuriaga 2323","-32.95074","-68.82105"
"84","3","3275","San Martin 880","-33.0359","-68.879"
"85","3","202","Gral. Rodriguez Y Pellegrini 0","-34.894","-60.0175"
"92","26","2823","Urquiza 1145","-32.943048","-60.637946"
"93","4","670","Rivadavia 2846","-36.893504","-60.322023"
"94","14","2821","Av.San Martin 1605","-53.77903","-67.71526"
"95","7","673","Autopista Del Sol Y Debenedetti (Descendente) None","-34.5131","-58.52238"
"96","7","673","Autopista Del Sol Y Debenedetti (Ascendente) None","-34.5131","-58.52105"
"98","7","4749","Boulevard Santa Fe 2460 Y Rio De Janeiro 2460","-31.2576","-61.46482"
"107","21","2049","9 De Julio 76","-34.6147","-68.33678"
"108","21","3230","Paso De Los Andes 1634","-32.9092","-68.86098"
"111","21","3230","Castelli 170","-32.9276","-68.84851"
"112","10","513","Calle 43 782","-34.9132587","-57.9601721"
"113","12","859","Av. Mitre 3215","-34.68287","-58.344031"
"115","13","1560","Avenida Colon 695","-31.4108","-64.1927"
"123","6","371","Boulogne Sur Mer 1275","-34.4745","-58.6257"
"125","7","4754","Boulevard H. Yrigoyen Y Patricio Diez None","-29.14352","-59.65553"
"134","3","513","45 377","-34.9068","-57.9506"
"147","16","600","Luro 6701","-37.97779","-57.58752"
"148","16","600","Colon 3350","-37.99857","-57.55972"
"149","16","600","La Rioja 1445","-37.99528","-57.54913"
"150","16","600","Talcahuano 346","-38.02539","-57.56878"
"151","16","600","Colon 1554","-38.00883","-57.53968"
"152","16","600","Independencia 3445","-38.01036","-57.56415"
"153","16","600","Independencia 4466","-38.01865","-57.57101"
"154","16","600","Buenos Aires 209","-38.00765","-57.54635"
"155","16","600","Av.Constitucion 4386","-37.96878","-57.54743"
"156","13","1560","Avenida Nu","-31.3806","-64.2229"
"157","11","3068","25 De Mayo 151","-29.411629","-66.856729"
"158","11","887","9 De Julio 548","-37.326381","-59.134988"
"159","11","2040","Pringles 963","-33.302748","-66.336848"
"160","11","1662","25 De Mayo 622","-39.03028","-67.573362"
"161","11","600","Catamarca 1965","-37.998931","-57.553622"
"164","11","2548","Avenida De Las Am","-31.748381","-60.525252"
"166","11","2548","San Juan 609","-31.727048","-60.524157"
"169","11","2548","Hip","-30.767986","-57.988794"
"171","10","641","Gral. Juan Jose Valle 51","-34.6502131","-58.6264209"
"172","7","825","Av Bernabe Marquez N","-34.48165","-58.52753"
"173","7","902","Panamericana Entre Los Olivos Y Constituyentes (Norte) (Lado Pilar) Km 36.500 (Ascendente) None","-34.45623","-58.72333"
"176","4","2823","Pueyrred","-32.942319","-60.656982"
"177","2","2529","Gral. Urquiza 125","-32.172327","-59.398493"
"178","14","3560","Antartida Argentina 1111","-38.94778","-68.07468"
"180","14","4846","Av.Casey 799","-33.74657","-61.96796"
"185","2","355","Cl Fructuoso Diaz E. Mistral 3700","-34.421868","-58.741774"
"188","2","125","Av Lamadrid 0","-34.7160304","-58.2733722"
"189","2","958","Av Crovara 969","-34.6798995","-58.5108719"
"190","2","210","Cl Alcorta 1235","-34.8276381","-58.38449"
"196","1","2823","Bv. Oro","-33.00761","-60.666142"
"197","2","120","Av Alvear 2939","-34.4103806","-58.6863928"
"206","10","759","Hipolito Yrigoyen 380","-34.7200918","-58.2627514"
"207","10","859","Av. Mitre 3300","-34.6831706","-58.3429383"
"208","10","13","Albarellos 854","-34.4802448","-58.5056248"
"209","10","2403","Maure 1725","-34.5668975","-58.4361596"
"210","10","751","Av. Del Libertador 18213","-34.4524395","-58.527515"
"211","10","2297","Jorge Newbery 555","-34.4808246","-58.5376011"
"212","1","3118","Ra","-31.520936","-68.541975"
"213","7","1130","25 De Mayo 1544 Y Perdriel 1544","-34.57843","-58.52927"
"214","7","1011","Avenida Gaspar Campos 981/ 987 Y Senador Moron 981","-34.57328","-58.69228"
"216","3","838","Balcarce Entre Ituzaingo Y M. Porta 0","-33.6778","-59.6685"
"217","7","1279","Avenida 9 De Julio 499 Y Avenida Italia 499","-27.45463","-58.98207"
"218","7","825","Ruta Panamericana Km 23.5 N","-34.48687","-58.59113"
"219","2","1756","San Martin 1320","-30.7449462","-59.6445363"
"222","2","600","Cl 12 De Octubre 3444","-38.0419852","-57.5476181"
"223","2","896","Av Cazon 1270","-34.4255709","-58.577033"
"226","2","231","Cl Ituzaingo 0","-35.169002","-58.231875"
"229","2","2440","Eva Peron 1480","-31.3822684","-58.014364"
"230","2","1989","Cl Uruguay 254","-32.175576","-64.107542"
"231","21","2299","Daniel Guardia Costa De Araujo None","-32.75708","-68.39795"
"236","3","183","Avenida Mitre Bartolome 4650","-34.6106","-58.5608"
"237","3","3284","Cerro Siete Colores 2496","-32.876","-68.8836"
"238","3","3118","Av. Libertador General San Mart","-31.5292","-68.5877"
"239","3","3341","Liniers Santiago De 235","-33.3636","-69.1436"
"240","7","902","Ruta Panamericana Y Av. Constituyentes Ramal Campana (Lado Campana) Km 36.500 (Ascendente) None","-34.43963","-58.7057"
"241","7","3437","Ruta Nacional 12 Km 9 (Ascendente) None","-27.4427","-55.87668"
"244","7","4846","Ruta Nacional 8 Km (Ascendente) E H. Yrigoyen None","-33.75042","-61.97705"
"245","7","407","Av.Presidente Illia 6916 - Grand Bourg - Partido De Malvinas Argentinas 6916","-34.50865","-58.72853"
"250","4","1326","Pellegrini 851","-45.861564","-67.479944"
"251","3","1560","Avenida Fuerza Aerea Argentina 2080","-31.4303","-64.219"
"255","3","4570","Ruta Nacional 9 0","-32.9223","-60.8034"
"257","9","600","Av. Constituci","-37.9636165529655","-57.5569894909859"
"258","9","600","Fortunato De La Plaza 3471","-38.0526","-57.561"
"260","9","534","Av San Martin 980","-37.5436470607731","-60.7984573857757"
"262","9","3523","Canad","-38.8340916706058","-68.1397819519043"
"263","9","423","Florida 537","-36.2988","-61.7156"
"265","3","889","Av. Velez Sarfield 567","-34.6926","-58.5016"
"269","3","92","Capitan Maetinez 1356","-38.7301","-62.2502"
"273","3","92","Casanova Eliseo 472","-38.7081","-62.2686"
"274","2","174","Av Mitre Y Dowling 557","-34.3806686","-59.8223267"
"275","7","513","Calle 27 Y Calle 72 None","-34.94947","-57.94935"
"279","10","125","Av. Dardo Rocha 251","-34.719142","-58.2913273"
"291","25","1662","Tucuman 747","-39.02851","-67.57574"
"292","2","216","Cl San Martin 680","-32.2252713","-58.1454569"
"293","25","3612","Toschi 505","-38.94856","-67.99217"
"294","25","3611","General Roca 224","-38.82925","-68.06397"
"302","7","165","Ruta Nacional 205 Km 65.750 (Ascendente) None","-35.04167","-58.76205"
"316","3","1279","Avenida Alberdi Juan Bautista 528","-27.4551","-58.9913"
"319","7","887","Avenida Dr Nicolas Avellaneda 999 Y Bolivar 999","-37.33173","-59.12652"
"321","11","820","J. D. Per","-34.582042","-58.60064"
"327","8","692","M. Del Carril 49","-34.657304","-58.763015"
"328","8","810","Avenida Pte. J D Per","-34.66597","-58.6996"
"331","8","810","Alejandro Sullivan 1597","-34.657169","-58.710614"
"335","4","759","Humberto Primo 165","-34.724437","-58.25552"
"337","21","1982","San Martin 2435","-33.11594","-64.38002"
"338","14","1403","Av. La Plata 1027","-43.25524","-65.34977"
"339","14","1036","San Martin 2934","-41.97991","-71.5155"
"342","21","1982","Olegario Andrade 718","-33.13677","-64.33139"
"343","14","771","Luis Costa 172","-43.3027","-65.10459"
"344","14","1403","Belgrano 292","-43.25039","-65.30917"
"345","14","3721","Rivadavia 450","-40.81547","-62.9884"
"346","14","1662","Av. Roca 790","-39.02825","-67.57656"
"347","14","1341","Av. Fontana 705","-42.91234","-71.31964"
"348","14","1403","H.Yrigoyen 1650","-43.26308","-65.29282"
"349","14","1341","Roca 710","-42.91495","-71.3226"
"350","14","1385","H.Yrigoyen 76","-43.3027","-65.10459"
"356","11","527","Avenida Honorio Luque 6101","-34.750314","-58.58652"
"367","3","1982","Granderos 200","-33.116","-64.3509"
"373","3","2049","Av. Mitre Y Patricias Mendocinas 0","-34.6205","-68.3171"
"374","21","3118","Av. Ignacio De La Roza Oeste None","-31.53923","-68.5806"
"375","14","379","San Martin 200","-35.04124","-63.01758"
"376","14","705","Rivarola 310","-35.83006","-61.89697"
"377","14","4405","Mendoza 36","-51.61501","-69.22786"
"378","14","1136","Lisandro De La Torre 333","-36.62204","-64.2868"
"381","7","2247","Avenida Mazzantti 788 Y Mendoza 788","-29.13705","-59.24453"
"382","7","1326","Alvear Y Dorrego 1465 1465","-45.8654","-67.49705"
"386","10","4778","M","-34.6162451","-58.3982386"
"388","10","532","Av. B. Rivadavia 2602","-34.6904098","-58.4205743"
"389","10","825","Lasalle 653","-34.4654523","-58.5100921"
"390","10","673","Av. Del Libertador 3100","-34.5016027","-58.4823114"
"394","2","122","Cl Calle N","-34.7672566","-58.2195186"
"400","23","1560","Donato Alvarez 8400","-31.325218","-64.267581"
"402","23","1877","Av. San Martin 611","-31.718774","-65.005083"
"403","23","1494","Hipolito Yrigoyen 262","-30.857497","-64.525162"
"404","23","1560","Av. Velez Sarsfield 334","-31.419003","-64.188666"
"405","23","1889","9 De Julio 889 Esq San Martin 889","-30.711216","-62.00629"
"406","23","1981","San Martin 4480","-31.170089","-64.316653"
"408","23","2107","Av. San Martin 1669","-31.236851","-64.313564"
"409","10","207","Comesa","-34.6287238","-58.5488933"
"410","2","820","Cl Pte Peron 3084","-34.4523413","-58.5395479"
"418","2","297","Misiones 6458","-34.605001","-58.594873"
"419","2","183","Av Libertador S. Martin 3360","-34.6131258","-58.5624903"
"420","7","600","Avenida Constitucion 4983/95 Y Carlos Tejedor 4983","-37.96547","-57.55293"
"421","21","4105","Chile 1399","-33.67093","-65.44616"
"422","21","4105","Avenida 25 De Mayo 1222","-33.66966","-65.46737"
"423","21","3279","Adrian Illesca 127","-35.4766","-68.58641"
"424","21","358","Alvear Oeste 720","-34.97835","-67.69843"
"425","21","3351","Amigorena Y Capilla Del Rosario 6893","-32.90956","-68.76143"
"433","7","82","Av. Hip","-34.66938","-58.38085"
"434","7","902","Ruta 9 (Autopista Del Sol Ramal Campana) (Lado A Bs. As.) Km 36.500 (Descendente) None","-34.43997","-58.70625"
"435","9","611","Sarmiento 942","-39.2592","-62.6145"
"436","3","1560","Juan B. Justo 3900","-31.3796","-64.1756"
"437","21","1982","General Roca 547","-34.009177","-63.922266"
"438","3","1560","Boulevard Chacabuco 199","-31.4225","-64.1823"
"439","21","1982","Marcelo T De Alvear 751","-33.10828","-64.34019"
"441","21","1982","Sabattini 2349","-34.73885","-68.22765"
"442","21","1982","Jorge Newbery 863","-33.12668","-64.34074"
"443","9","3593","Roca 585","-38.9712877342396","-67.833366394043"
"446","9","3611","Av. Cipolletti 210","-38.8261349928552","-68.0633068084717"
"448","9","635","Patagonia 145","-38.9827","-61.2974"
"451","3","2415","Av. 9 De Julio E/ Mendoza Y Chaco 0","-30.7625","-57.9939"
"452","3","2479","San Mart","-33.0106","-58.5279"
"453","3","2247","Belgrano Gral Manuel 799","-29.137","-59.2646"
"457","10","1011","O Higgins 1263","-34.5715475","-58.6833252"
"459","4","1133","Avenida Tierra Del Fuego 856","-46.444975","-67.534744"
"460","4","723","Panamericana Ramal Pilar Km 54,5 None","-34.448867","-58.748739"
"462","1","3230","Avda. Joaqu","-32.929628","-68.857104"
"464","12","537","Ruta 2 298","-37.065288","-57.837571"
"479","7","82","Avenida Belgrano 791 Y 9 De Julio 791","-34.66565","-58.3659"
"482","7","2548","Avenida Buenos Aires 333 Y Laprida 333","-31.72793","-60.53017"
"483","11","1403","25 De Mayo 1665","-43.258861","-65.329062"
"484","11","2823","Eva Per","-32.934792","-60.702712"
"486","11","2548","Santos Dominguez 808","-31.739847","-60.511457"
"487","11","2548","Gral. Jos","-31.741106","-60.511506"
"488","11","2548","Mejico 404","-31.725598","-60.53372"
"489","11","2548","Avenida Don Bosco None","-31.734302","-60.50743"
"491","8","617","Av. Juan Domingo Per","-34.665862","-58.720551"
"493","8","122","Avenida 14 N 5072","-34.760326","-58.20638"
"494","8","407","Fco. Segui 1519","-34.484061","-58.72756"
"499","17","714","Boulevard Dardo Rocha 280","-33.893742","-60.565031"
"500","8","527","Luro 6329","-34.751536","-58.58338"
"501","4","673","Gob. Ugarte 1980","-34.516042","-58.49515"
"504","14","3708","Gdor.Quaglia 311","-41.13545","-71.30874"
"505","14","3708","Albarracin 601","-41.14","-71.30168"
"511","14","3560","Bahia Blanca 371","-38.95934","-68.05082"
"512","14","3612","Mariano Moreno 75","-38.94125","-68.00194"
"514","11","977","Avenida Mitre 6328","-34.704221","-58.31703"
"524","14","1403","25 De Mayo 1151","-43.25658","-65.32222"
"525","14","4346","Av. Del Libertador 902","-50.33778","-72.26159"
"529","11","673","Avenida Maip","-34.508736","-58.492043"
"531","11","723","Ramirez 43","-34.455029","-58.907496"
"535","11","825","Cosme Beccar 437","-34.470428","-58.514658"
"542","13","1560","Duarte Quiros Ignacio 1400","-31.4126","-64.1616"
"543","13","1570","Avenida San Martin Gral Jose De 1127","-31.2445","-64.4659"
"545","13","1560","Avenida Recta Martinoli 8469","-31.3468","-64.2805"
"546","13","1688","Olmos Ing 43","-30.9804","-64.096"
"547","2","207","Cl Av. Rivadavia 2646","-34.6402735","-58.5418243"
"553","7","896","Avenida Cazon 997 Y Chacabuco 997","-34.42717","-58.57423"
"557","7","2119","Uruguay 560 560","-31.41573","-64.49397"
"558","14","4405","Liniers 990","-51.63544","-69.20936"
"562","14","1326","Atahualpa Yupanqui 400","-45.87576","-67.51901"
"563","2","2614","Leopoldo Herrera 0","-31.860934","-59.031579"
"564","23","1736","25 De Mayo Esq. Lopez Y Planes None","-30.982788","-64.491956"
"566","2","2604","Rioja 164","-31.2176495","-59.9826012"
"567","9","3593","San Mart","-38.9812965318432","-67.8254699707031"
"569","7","3197","Ruta Nacional 7 Km 862 (Ascendente) None","-33.41255","-67.11764"
"584","13","570","Meeks 256","-34.7638","-58.3995"
"585","3","2325","Mitre Y Reguera 0","-29.7058","-57.0975"
"587","3","2440","Avenida San Lorenzo Oeste 233","-31.3844","-58.0212"
"588","3","3284","Jorge A. Calle Esq. Neuquen 0","-32.8681","-68.8564"
"592","7","92","Avenida Parchappe Y Falucho 63 63","-38.73008","-62.25363"
"593","3","1130","San Martin 1162","-33.2968","-66.339"
"596","3","1560","Avenida Sabattini Dr Amadeo 2180","-31.4333","-64.1568"
"598","21","594","Lavalle 270","-32.96804","-68.78949"
"600","3","532","Avenida Yrigoyen Presidente Hipolito 3043","-34.6914","-58.3914"
"601","2","141","Cl Sarratea 0","-34.5098719","-58.5775618"
"602","7","641","Avenida Bartolome Mitre 1666 Y Tomas Guido 479 1666","-34.6533","-58.6302"
"603","7","902","Panamericana Entre Los Olivos Y Constituyentes Tortuguitas (Sur) (Lado Bs.As.) Km 36.500 (Descendent","-34.4566","-58.72387"
"605","3","371","La Rioja S/N Entre J.M. Paz Y Bs As 0","-34.4566","-58.6259"
"607","2","532","Cl 25 De Mayo 571","-34.7073388","-58.4000642"
"608","3","634","Boulevard Buenos Aires 1136","-34.8121","-58.4511"
"609","2","532","Cl Bustamante 678","-34.6887773","-58.3806075"
"610","2","532","Cl Eva Peron 3349","-34.7212849","-58.3629215"
"611","7","30","Autopista Tte Gral Pablo Riccheri Lado Norte Km 33 (Ascendente) None","-34.7117","-58.5064"
"612","2","764","Av Mayo 791","-34.6480353","-58.5641947"
"614","12","725","Av. Intermedanos 50","-37.108878","-56.877853"
"615","10","1130","Av. Balbin 2030","-34.5810538","-58.5418252"
"617","10","155","Juan M. Estrada 878","-34.1659506","-58.9611328"
"626","3","1560","Avenida Acu","-32.175","-64.1046"
"633","2","769","Coronel Suarez 150","-36.777248","-59.088369"
"635","2","641","Cl Rivadavia 6275","-34.6460108","-58.5929389"
"639","7","4837","Autopista Brigadier Estanislao Lopez Km 29 (Ascendente) None","-32.65362","-60.82233"
"649","13","2119","Avenida Carcano Dr Ramon Jose 925","-31.4367","-64.5007"
"650","13","2119","San Martin 1193","-31.413","-64.4852"
"653","31","1560","Av. 11 De Septiembre 2765","-31.443295","-64.148264"
"654","31","1560","Av. Arturo Capdevila 1831","-31.379569","-64.147652"
"655","31","1560","Carlos Gimenez 35","-31.365896","-64.16644"
"656","31","1688","Italia 363","-30.978745","-64.092456"
"657","1","3437","Av.Quaranta Esq. Av.Tomas Guido None","-27.401235","-55.91676"
"660","31","2108","Ruta Nac N","-31.108277","-64.484196"
"661","31","1688","Ruta Nac. N","-30.977255","-64.084407"
"664","11","936","Am","-34.557203","-58.550519"
"671","11","1136","Spinetto 1230","-36.60787","-64.28097"
"673","11","2548","Santa Fe 606","-31.722905","-60.529715"
"677","12","4577","Autopista General P.E. Aramburu Km 272 None","-33.13409","-60.57191"
"678","17","1130","Estrada 3072","-34.574176","-58.530484"
"681","4","833","Avenida Pte. Per","-34.552825","-58.69767"
"684","15","1279","Avenida Marconi 2279","-27.445833","-59.022092"
"685","4","607","S","-34.487029","-58.505874"
"686","4","981","Avenida Lavalle 1879","-34.11326","-59.02021"
"687","15","670","Av Rivadavia 4370","-36.880767","-60.304042"
"688","15","1326","Avenida Chile 350","-45.882711","-67.525811"
"690","4","435","Avenida Vergara 4121","-34.591952","-58.636549"
"691","11","103","Mart","-34.735589","-58.43387"
"692","7","3564","Dr. Gregorio Alvarez None","-40.04648","-70.07483"
"693","11","385","Sarmiento 72","-34.889362","-58.38524"
"702","7","1560","Avenida Rafael Nunez 4014 Y Planas 4014","-31.37132","-64.23043"
"703","13","267","Acceso Pilar Norte 0","-34.436","-58.808"
"704","14","563","Ituzaingo 147","-34.86227","-61.53717"
"705","14","66","Dr. Carlos Merlasino 524","-34.06859","-60.11101"
"706","14","903","Av. Garcia Salinas 1100","-35.97134","-62.72095"
"707","14","3577","Tte. Gral. Roca 450","-40.15838","-71.3565"
"708","14","1136","Luro 1296","-36.62724","-64.28144"
"709","14","1397","Espa","-45.58545","-69.06864"
"710","14","2920","Calle 7 1064","-35.65597","-63.75667"
"712","7","2648","Av. Gobernador Gutniski N","-26.18805","-58.18422"
"717","14","2821","J.B.Thorne 1771","-53.79251","-67.72149"
"718","14","2821","Viedma 841","-53.76949","-67.71694"
"719","14","4334","Independencia 1290","-46.44824","-67.52008"
"720","14","4405","Av. Roca 973","-51.62095","-69.21631"
"721","14","4334","Belgrano 515","-46.44466","-67.52854"
"722","10","397","Ruta 3 Km 44.400 None","-34.882709","-58.680678"
"723","14","5181","Perito Moreno 1550","-54.79826","-68.27745"
"727","13","902","Av. Patricias Argentinas 851","-34.4463","-58.745"
"728","13","1560","Goyechea 2851","-31.3802","-64.2147"
"729","13","513","Diagonal 962","-34.9154","-57.9421"
"730","2","2354","Cl Rocamora 344","-31.623548","-58.503452"
"731","2","2470","Cl San Martin 359","-32.7204781","-59.3945007"
"733","2","2409","Manuel Belgrano 110","-31.339743","-59.447589"
"734","21","3230","Rivadavia 1653","-32.92388","-68.85906"
"735","21","1130","Tucuman 2 None","-33.08534","-68.46468"
"736","7","3343","Ruta Nacional 7 Km 1146.400 (Ascendente) None","-32.59127","-69.34853"
"737","7","3118","Av 9 De Julio  802 Y Rawson 802","-31.54137","-68.514"
"738","22","2482","Gob. Entrerriano 725","-32.336331","-60.026982"
"739","7","2049","Avenida El Libertador Y Sarmiento None","-34.6256","-68.33492"
"740","22","2443","San Martin 1404","-32.03214","-60.307578"
"742","21","4105","San Martin 1574","-33.66548","-65.45706"
"743","21","3355","Saenz Pe","-33.035543","-68.893148"
"744","3","4105","Avenida Mitre 679","-33.6806","-65.464"
"749","2","155","Cl Belgrano 390","-34.1641136","-58.9579757"
"750","2","714","Av Julio A Roca 281","-33.8939905","-60.5690737"
"751","2","787","Cl Julio Iribarne 291","-34.1959","-60.732517"
"756","21","1026","Tucuman Norte 975","-31.5232","-68.5231"
"759","3","1560","Avenida Armada Argentina 334","-31.4536","-64.2062"
"762","2","532","Cl Pte J. D. Peron 3241","-34.6699182","-58.4111022"
"763","2","518","Cl Pastorini 2009","-34.6375809","-58.8281784"
"764","3","714","Merced 1183","-33.8988","-60.5763"
"765","3","787","Roca Pres Gral Julio Argentino 351","-34.1961","-60.7339"
"769","2","532","Av Eva Peron 2567","-34.7146631","-58.3722024"
"771","3","1662","Ruta 22 Y Gobernador Viterbori 0","-39.0451","-67.5778"
"772","2","532","Cl 29 De Septiembre 1866","-34.7064894","-58.3900009"
"773","2","122","Av Mitre 2101","-34.7652851","-58.1979191"
"774","10","634","Boulevar Bs. As. 710","-34.814703","-58.456994"
"775","10","759","12 De Octubre 3054","-34.7437163","-58.2891868"
"776","10","570","Hipolito Irigoyen 10699","-34.7817272","-58.4067065"
"777","10","82","Italia 62","-34.6650066","-58.3623175"
"779","10","2548","Coronel Juan M. Piran 801","-31.7419371","-60.5387651"
"781","4","338","Avenida San Martin 554","-34.759125","-58.298263"
"782","4","4405","Paseo De Los Arrieros 1098","-51.622204","-69.259913"
"783","4","892","Avenida Eva Per","-34.767464","-58.373684"
"784","4","420","Dr. Luis G","-34.639634","-58.58129"
"785","4","617","Avenida Argentina 1915","-34.679444","-58.72796"
"786","4","1279","Avenida Avalos None","-27.43862","-58.986418"
"789","2","617","Cl Av. San Martin 2971","-34.6866773","-58.7318454"
"792","2","125","Cl Belgrano 388","-34.7116294","-58.2820677"
"793","2","532","Cl  San Vladimiro 3165","-34.7073674","-58.4181855"
"798","7","274","Ruta Nacional 2 Km 202.300 (Ascendente) None","-36.25743","-57.70928"
"813","2","2247","Espa","-29.1452083","-59.2625031"
"814","13","1560","Avenida Velez Sarsfield Dr Dalmacio 132","-31.4168","-64.1874"
"815","3","887","Alem Leandro Niceforo 447","-37.327","-59.1326"
"820","11","825","Avenida Juan Segundo Fern","-34.480984","-58.553073"
"821","11","170","Independencia 3067","-34.527487","-58.535933"
"827","11","607","Avenida Libertador 13060","-34.490484","-58.484802"
"828","11","155","Avenida Mitre 1085","-34.162751","-58.965683"
"831","12","825","Av. Marquez 2984","-34.493225","-58.549103"
"832","11","600","C","-38.000233","-57.547764"
"833","12","607","Libertador 14002","-34.48337","-58.48977"
"836","4","714","Santiago Del Estero 1351","-33.900584","-60.55224"
"837","12","513","Av. 7 Esq. 45 641","-34.911498","-57.956494"
"840","12","513","Diagonal 74 Esq. 18 Y 19 2291","-34.930175","-57.953545"
"841","12","607","Av. Santa Fe 2858","-34.497382","-58.497407"
"842","4","125","Avenida Dardo Rocha 849","-34.715115","-58.298729"
"845","11","338","Sallares 151","-34.80797","-58.2754"
"846","3","2146","Boulevard Velez Sarsfield 411","-32.4086","-63.2565"
"847","11","946","Avenida Arana 231","-34.851356","-58.076832"
"848","7","1385","Marcos A Zar 25 Y Avenida Irigoyen 25","-42.7655","-65.03877"
"854","2","274","Cl Bs.As.Esq.Pueyrredon 400","-36.313707","-57.680161"
"855","2","634","Cl Nuest. Malvinas Y D.Funes 1024","-34.804783","-58.477246"
"857","2","185","Av Gdor. Inocencio Arias 2983","-34.6498757","-58.6504339"
"858","2","1130","Cl Av.Brig.Gral.J.M.De Rosas 4351","-34.546947","-58.582492"
"860","2","2146","Periodistas Argentinos 626","-32.413772","-63.2327919"
"864","21","1982","Maipu 2303","-33.13804","-64.36501"
"866","14","1774","Espa","-34.13682","-63.38699"
"868","14","4763","H. Yrigoyen 277","-34.27254","-62.6976"
"876","10","3899","Av. Scalabrini Ortiz 1688","-34.5902858","-58.4240622"
"877","10","3899","Cervi","-34.580229","-58.408608"
"878","10","2403","Av. El Cano 3693","-34.578357","-58.460232"
"879","10","2403","Av. El Cano 3002","-34.571895","-58.458683"
"880","14","1326","San Martin 100","-45.8615","-67.47605"
"881","14","1326","Fco.De Viedma 23","-45.83598","-67.47829"
"882","14","1326","13 De Diciembre 150","-45.8702","-67.50206"
"883","13","1560","Raul Alfonsin 650","-31.6514","-64.4278"
"884","14","1326","Alem 962","-45.861","-67.49884"
"885","21","3230","Cervantes 1557","-32.942962","-68.841687"
"886","2","4570","Cl Angelome 2066","-32.920926","-60.812213"
"894","7","92","Avenida Colon 111 111","-38.7199","-62.26875"
"896","2","2146","Leandro N. Alem 429","-32.4078411","-63.2485416"
"897","3","1560","Bouchard 1654","-31.4034","-64.1655"
"900","13","600","Juan B. Justo 2367","-38.0244","-57.5659"
"901","13","600","San Luis 2034","-38.0016","-57.5502"
"902","13","600","Avenida Constitucion Y Rojas 0","-37.96","-57.5668"
"903","13","600","Alberdi Pbto. Manuel 2535","-38.0072","-57.5514"
"904","15","3230","Avenida San Mart","-32.951367","-68.858594"
"905","21","1562","San Martin None","-33.62593","-64.59461"
"906","21","3230","Villa Mercedes 886","-32.91938","-68.87866"
"907","21","3340","Ruta Nacional 40 None","-33.59293","-69.01595"
"910","6","1326","Yrigoyen Hipolito 0","-45.8733","-67.4935"
"913","2","168","Cl Rivadavia 536","-34.173214","-59.795796"
"914","2","385","Cl Patria 0","-34.887216","-58.384251"
"915","2","5","Cl Calle 9 Y Calle 32 1300","-35.433295","-60.166461"
"916","2","4561","Cl Cordoba 886","-33.459792","-61.488451"
"920","7","905","Colon 472 Y Lavalle 472","-38.3841","-60.27377"
"922","9","3611","Av. Roca 998","-38.8240173318862","-68.0694968717071"
"924","3","1452","Boulevard Colon 850","-32.619","-62.6938"
"925","3","1982","Avenida Sabattini Dr Amadeo 2136","-33.1383","-64.3538"
"926","7","903","Ruta Nacional 5 Km 446 (Descendente) None","-36.00135","-62.721"
"927","3","1560","Avenida Ciudad De Valparaiso 2048","-31.445","-64.1868"
"928","3","1560","Avenida 24 De Septiembre 1330","-31.4137","-64.1656"
"929","21","3248","Villegas Norte 181","-33.73461","-69.11749"
"930","21","1982","Maipu 506","-33.11921","-64.35747"
"931","21","2299","Doctor Moreno 351","-32.72224","-68.60221"
"932","21","594","Patricias Argentinas 377","-32.98223","-68.7851"
"933","3","1560","Avenida Nu","-31.3527","-64.2462"
"934","2","936","Cl Pueyrredon 2663","-34.5504223","-58.5525115"
"935","2","896","Cl Hipolito Yrigoyen 543","-34.4578272","-58.6298689"
"936","2","610","Cl S.Melo E/S.Martinybelgran 0","-34.383803","-58.830138"
"938","3","798","Ministro Soho 2936","-35.6388","-59.7762"
"942","2","207","Cl Mt Alvear 3200","-34.6182294","-58.5442501"
"943","4","385","Avenida Hip","-34.881365","-58.389851"
"944","4","887","Avenida Del Valle 334","-37.314846","-59.149772"
"946","4","2648","Avenida Gustnisky 2040","-26.189197","-58.187628"
"947","4","570","Las Heras 1160","-34.748145","-58.411227"
"948","4","3560","Ant","-38.947114","-68.11043"
"950","4","896","Santa Mar","-34.406975","-58.620089"
"952","7","4829","Ruta Nacional 34 Km 213.800 (Ascendente) None","-31.3165","-61.52125"
"953","4","96","Avenida San Mart","-37.840004","-58.247575"
"954","4","3230","Avenida San Mart","-32.922391","-68.847403"
"955","2","829","Cl Juan M.De Rosas 3634","-34.6830345","-58.5553009"
"957","2","183","Cl San Martin 2146","-34.601775","-58.5618167"
"961","2","1130","Cl Belgrano 3162","-34.5738643","-58.5326316"
"962","7","2823","Boulevard Rondeau 898 Y Marull 898","-32.9063","-60.68838"
"965","13","1740","Avenida Eden 370","-31.093","-64.483"
"969","7","820","Avenida Del Libertador 2199 Y Quintana 2199","-34.44663","-58.5465"
"971","7","723","Ruta 8 Y Ruta 25 Pilar None","-34.45403","-58.9085"
"977","13","1560","Recta Martinolli 4300","-31.367","-64.2194"
"979","13","1560","Avenida Ricchieri 3296","-31.4507","-64.1767"
"980","21","2049","25 De Mayo 536","-34.62049","-68.33813"
"981","11","2440","Entre R","-31.396872","-58.018704"
"982","3","3068","Avenida Alem Leandro Niceforo 678","-29.4018","-66.8531"
"983","3","1385","Belgrano Dr Manuel 372","-42.7683","-65.039"
"984","3","278","Ruta Panamericana Km 25 0","-34.4875","-58.6096"
"986","3","566","Albertini Pbto Jose 9","-35.1863","-59.0979"
"988","3","3068","Laprida Y Artigas 6811","-29.4295","-66.8541"
"991","8","896","Avenida Caz","-34.424972","-58.5778"
"992","8","648","Velez Sarfield 4690","-34.530686","-58.52444"
"993","7","570","Avenida H. Yrigoyen 8590 Esq. Rivera 8590","-34.75553","-58.40125"
"994","8","276","Los Tilos 711","-34.697502","-58.30211"
"995","8","338","Camino General Belgrano 6498","-34.780709","-58.26279"
"996","8","633","Eva Per","-34.729146","-58.3528"
"997","8","532","Cnel. D\"El","-34.690694","-58.40849"
"998","8","145","Carlos Pellegrini 844","-34.828183","-58.39017"
"999","21","1657","Juan Pablo 2 345","-32.75168","-63.78745"
"1001","4","2040","25 De Mayo 876","-33.307859","-66.334316"
"1002","4","278","Avenida M. A. Alvear 1960","-34.491859","-58.627219"
"1003","4","570","Oliden 452","-34.764667","-58.40342"
"1004","4","2440","Avenida Eva Peron 2250","-31.36887","-58.0113"
"1005","4","155","Colectora Norte 1647","-34.179313","-58.961013"
"1016","2","374","Cl Blvd.Bro. De Irigoyen 1326","-34.61042","-58.944474"
"1018","2","896","Av Angel Torcuato De Alvear 2235","-34.490438","-58.624077"
"1023","2","641","Cl Aguero Esquina Balcarce 935","-34.666094","-58.616849"
"1025","2","570","Av Eva Peron 2948","-34.7616457","-58.3619447"
"1027","8","1130","Yapey","-34.575496","-58.53584"
"1029","2","1011","Cl Senador Moron 1480","-34.5652775","-58.6842989"
"1030","21","3341","Las Heras 1055","-33.3646","-69.14656"
"1031","3","1026","Rivadavia 36","-27.3503","-65.6008"
"1035","14","1404","Av. San Martin 1440","-43.08318","-71.45851"
"1036","14","3713","J.J. Paso 100","-41.60158","-65.34016"
"1037","14","3560","Belgrano 3775","-38.9507","-68.11157"
"1038","14","4346","Calle 4000 166","-50.34712","-72.26895"
"1040","14","1385","Chubut 1400","-42.78041","-65.03735"
"1041","14","5181","Los ","-54.8133","-68.32702"
"1042","14","1036","Guemes 741","-41.99012","-71.50589"
"1044","21","466","Avellaneda 225","-33.08529","-68.47768"
"1055","10","339","Av. San Martin 3029","-34.533164","-58.5024536"
"1058","11","1156","Avenida Aconquija 1591","-26.813543","-65.29253"
"1059","16","600","Agote 1925","-38.04088","-57.57536"
"1060","16","600","Estrada 5525","-37.95335","-57.55118"
"1061","16","600","Balcarce 3902","-37.98796","-57.55605"
"1062","16","600","Libertad 7388","-37.96741","-57.59463"
"1063","16","623","Av.Mitre 1850","-38.24348","-57.79375"
"1064","16","600","Juan B.Justo 6550","-37.99678","-57.60069"
"1065","16","655","Av. 58 3752","-38.56091","-58.74966"
"1066","7","92","Brandsen N","-38.72048","-62.2555"
"1067","16","600","Matheu 307","-38.02773","-57.53746"
"1072","10","723","Tortugas Country Club -1","-34.460679","-58.744187"
"1073","13","725","Rivadavia Y Tororas 0","-37.1082","-56.8731"
"1077","13","513","Calle 30 Y Calle 47 777","-34.9349","-57.9757"
"1078","21","4005","Ruta 20 None","-31.6602","-68.26756"
"1079","21","2049","Ruta Nacional 143 None","-34.730688","-68.240548"
"1081","4","2226","Jun","-27.467302","-58.835138"
"1082","23","1560","Av. Sabattini 4417","-31.436163","-64.129571"
"1083","23","1560","Av. De Mayo 1225","-31.475606","-64.221258"
"1084","23","1154","Belgrano 1228","-31.948391","-65.174243"
"1085","23","1560","Coornelio Saavedra 2990","-31.378481","-64.196087"
"1086","23","1810","Diego Montoya 335","-31.872108","-62.725261"
"1088","12","570","Hipolito Yrigoyen 8504","-34.754573","-58.401176"
"1089","23","1560","Aaron Castellanos 1955","-31.432482","-64.23448"
"1090","23","1560","Av. Fuerza Aerea 1902","-31.430344","-64.214909"
"1093","14","3697","Hipolito Irigoyen 2371","-46.58407","-70.93052"
"1094","3","600","Edison Thomas Alva 1118","-38.0469","-57.5535"
"1097","3","1154","Avenida Castillo Pres Ramon 254","-28.448","-65.7187"
"1100","2","981","Cl Almte Brown 247","-34.0980349","-59.02444"
"1103","2","616","Cl Alem 676","-34.653951","-59.432368"
"1104","2","142","Cl Pelegrini 1601","-35.1172245","-60.4858734"
"1105","2","570","Cl Claudio De Alas 2150","-34.7204095","-58.4628685"
"1106","2","4856","Av San Martin 1081","-33.225442","-60.332344"
"1112","21","3112","Rufino Ortega S.N None","-33.19541","-68.45541"
"1113","21","2049","Julio Ballofet 858","-32.62142","-68.34893"
"1116","2","934","Av Parana 6370","-34.5247293","-58.5473185"
"1126","21","3230","Sarmiento 2115","-32.94324","-68.82134"
"1128","4","600","Avenida Constituci","-37.952551","-57.579499"
"1130","4","82","Avenida Pav","-34.659396","-58.375832"
"1132","4","820","Hip","-34.453793","-58.576655"
"1134","4","3284","Las Heras 798","-32.884692","-68.848366"
"1135","4","723","Avenida Lagomarsino 905","-34.456368","-58.893875"
"1136","3","617","Avenida Del Libertador 28","-34.6733","-58.7246"
"1141","3","3284","Patricias Mendocinas 1730","-32.8821","-68.8415"
"1142","3","358","Avenida Libertador San Martin Norte 229","-32.8598","-68.8332"
"1143","3","594","Urquiza 3620","-32.9122","-68.7858"
"1144","7","833","Avenida Dr. Ricardo Balbin 19 19","-34.53295","-58.70147"
"1145","7","2823","Avenida General San Martin 4599 Y Avenida Uriburu 4599","-32.99035","-60.64623"
"1155","7","2823","27 De Febrero 2839 Y Ovidio Lagos 2839","-32.9636","-60.66738"
"1156","14","5181","Gobernador Paz 190","-54.80407","-68.30217"
"1158","21","3295","Avenida Libertador 1465","-33.05727","-68.54786"
"1164","7","673","Avenida Del Libertador 3402 Esq J. Ingenieros 405 Esq A. Puccio 404 3402","-34.49857","-58.48432"
"1167","8","328","Avenida Centenario 5331","-34.755742","-58.23783"
"1168","8","3734","Guatamb","-34.815841","-58.427524"
"1169","8","571","Bolivar 1343","-34.85944","-58.38623"
"1171","8","380","Avenida Hip","-34.684723","-58.38646"
"1172","8","759","Mitre 573","-34.720306","-58.25484"
"1178","7","82","Autopista Buenos Aires - La Plata (Sur) Km 13.500 (Ascendente) None","-34.68495","-58.30547"
"1179","12","380","Av. Pavon 2099","-34.681712","-58.385221"
"1180","15","723","Colectora Av. 12 De Octubre 8688","-34.447867","-58.885225"
"1181","15","829","Brig Gral J M Rosas 3990","-34.685278","-58.557778"
"1182","15","82","Av Guemes 861","-34.677511","-58.366667"
"1184","10","2823","Av. Junin 590","-32.9265135","-60.6720475"
"1185","1","3057","Autopista Juan Domingo Per","-27.767976","-64.251963"
"1186","10","936","Jose Hernandez 2955","-34.5553723","-58.5583111"
"1188","2","884","Cl J. S. Crovara 2472","-34.6878905","-58.5225796"
"1191","2","407","Cl El Callao 1242","-34.4887679","-58.7246946"
"1195","7","513","Calle 7 Y Calle 32 None","-34.9009","-57.96902"
"1197","2","825","Cl Bernardo Ader 775","-34.5189208","-58.5605106"
"1199","14","1889","Bv 9 De Julio 2339","-30.70991","-62.00429"
"1201","11","607","Santa Fe 2349","-34.492689","-58.499192"
"1202","11","896","Alte. Brown 371","-34.433556","-58.565575"
"1203","31","1560","Av. V","-31.457372","-64.200399"
"1204","14","1391","Luque 1200","-45.9299","-67.56249"
"1205","7","3068","Avenida Rivadavia Y Benjamin De La Vega None","-29.41448","-66.85225"
"1206","14","829","9 De Julio 2530","-30.78861","-60.5929"
"1208","14","466","Bernardino Rivadavia 199","-34.58348","-60.94734"
"1209","14","3708","Av. Bustillo Km 13 12974","-41.10923","-71.43181"
"1210","14","3585","El Chilco 83","-40.78314","-71.66039"
"1211","7","3941","Avenida General Savio 1289 Y Pombo 1289","-33.35693","-60.19342"
"1212","2","896","Av A.T.Alvear 822","-34.4982986","-58.6389961"
"1213","13","163","Av. Pedro Dreyer Y Ruta 52 0","-34.8546","-58.5047"
"1214","16","725","Rivadavia 220","-37.11214","-56.86351"
"1215","16","655","Av. 59 Nro 2815","-38.55275","-58.74359"
"1219","7","466","Gral. Cornelio Saavedra N","-34.59405","-60.9447"
"1223","13","1560","J. L. Cabrera 493","-31.3981","-64.1825"
"1225","4","2821","Per","-53.773719","-67.721549"
"1226","13","3734","Amenado 302","-34.7993","-58.4053"
"1230","23","1560","Ruta 9 Y Calle 2 None","-31.462198","-64.105638"
"1234","26","2823","9 De Julio 734","-32.95473","-60.634864"
"1235","26","2823","Balcarce 248","-32.937548","-60.650968"
"1237","26","2823","Av. Eva Peron 7605","-32.931339","-60.725227"
"1238","2","355","Cl Belgrano 664","-34.4195453","-58.7286033"
"1239","26","2823","Av. Pellegrini 1194","-32.956875","-60.642143"
"1241","6","2823","Nansen 323","-32.9094","-60.685"
"1244","6","3560","Jjlastra 2400","-38.9596","-68.0925"
"1245","6","723","Las Magnolias 698","-34.4427","-58.8731"
"1248","21","594","Patricias Argentinas 380","-32.982186","-68.785177"
"1249","15","3994","Jose Ignacio De La Rosa Oeste 806","-31.541112","-68.573361"
"1252","7","1560","Avenida Caraffa Ya Avenida Octavio Pinto 2991 2991","-31.38622","-64.21845"
"1254","15","2040","Av Del Fundador (Ruta Nacional 7 Y 147) 1450","-33.296618","-66.303038"
"1259","13","825","Avenida Centenario 388","-34.4713","-58.5179"
"1262","9","3523","San Martin 245","-38.8327544760166","-68.148193359375"
"1263","9","3523","Ingeniero Ballester 740","-38.8306149124206","-68.13720703125"
"1264","9","3523","El Salvador 1607","-38.8319521472045","-68.140983581543"
"1265","9","755","Calle 519 892","-38.5707774637791","-58.6975949403131"
"1266","9","3721","Saavedra 1455","-40.8148","-63.0052"
"1272","2","2599","Sarmiento 0","-31.870495","-60.008211"
"1274","2","447","Av Villanueva 1545","-34.391595","-58.738736"
"1277","2","723","Cl E. Peron 0","-34.491348","-58.840306"
"1279","15","1982","Juan B Justo 2052","-33.131159","-64.382403"
"1282","2","580","Cl Gral.San Martin 2669","-34.499386","-58.69522"
"1283","2","145","Cl E.Burzaco 682","-34.826231","-58.393707"
"1285","4","887","Panam","-37.323999","-59.114457"
"1286","4","2823","C. Pellegrini 3250","-32.951436","-60.670327"
"1287","4","2823","Necochea 2579","-32.969404","-60.629193"
"1288","4","461","Avenida Ing. Ratti 1860","-34.647785","-58.687359"
"1289","7","3118","Avenida Rawson Sur 216 Y Rivadavia 216","-31.53605","-68.5145"
"1290","7","3560","Juan Julian Lastra 2400 Y Saavedra 2400","-38.95967","-68.09025"
"1291","2","122","Cl Heroes De Malvina 2839","-34.8097369","-58.1872598"
"1292","2","30","Cl Jose Alico 969","-34.7073192","-58.5165375"
"1294","2","1130","Cl Primera Junta 5800","-34.5744356","-58.5744848"
"1297","2","338","Cl El Aljibe 700","-34.8068123","-58.301815"
"1298","2","328","Cl San Martin 5355","-34.7520628","-58.2343069"
"1300","6","759","Av. Mitre E/ Juan De Solis Y Guido 0","-34.7282","-58.251"
"1304","2","767","Cl L. Giles E H.Yrigoyen 2900","-35.515799","-58.316883"
"1305","2","570","Cl Cosquin 2724","-34.7079051","-58.4586922"
"1306","2","540","Av S.Martin Entre G.Roca Y Sarmiento 827","-36.0186812","-59.0945984"
"1308","2","1130","Cl Moreno 1533","-34.531295","-58.555112"
"1309","2","1130","Cl San Lorenzo 2956","-34.5698714","-58.5479156"
"1317","3","5414","Av. Leandro Alem 618","-26.7299","-65.2614"
"1320","1","4749","Colectora Conscripto Zurbriggen 865","-31.2422","-61.506122"
"1321","11","2821","Avenida San Mart","-53.785034","-67.703034"
"1322","11","513","Calle 12 1200","-34.895077","-57.98773"
"1323","11","1403","9 De Julio 194","-43.251438","-65.309592"
"1325","11","3284","Avenida Las Heras 316","-32.885636","-68.842202"
"1326","7","981","Ruta Nacional 12 Km (Ascendente) Y 193 None","-34.12133","-59.01412"
"1327","8","532","29 De Septiembre 1880","-34.706665","-58.39006"
"1328","12","673","Av. Libertador 2365","-34.50855","-58.47972"
"1329","8","570","Avenida Per","-34.752218","-58.34321"
"1333","8","570","Salta 160","-34.809972","-58.45733"
"1335","8","833","Fraga 1629","-34.544194","-58.71473"
"1336","15","1326","Avenida Libertador Gral. San Martin 1585","-45.827235","-67.467625"
"1337","15","857","Avda. Gral. J. J. Urquiza 4320","-34.606811","-58.555711"
"1338","21","358","Alem Norte 358","-34.97405","-67.70457"
"1339","2","197","Cl J.M.De Rosas Y Tucuman 800","-35.561416","-58.017385"
"1345","2","570","Cl Santa Fe 500","-34.751627","-58.419417"
"1346","2","641","Cl Zeballos 3028","-34.656602","-58.6486973"
"1347","2","634","Cl Dreyer Y Alem 1600","-34.830925","-58.457272"
"1352","2","338","Av Belgica 61","-34.819423","-58.27799"
"1353","21","466","Mariano Moreno 450","-33.10053","-68.479064"
"1356","3","1560","Avenida Colon Esquina P. Zanni 0","-31.4054","-64.2119"
"1358","12","82","Tres Arroyos 3802","-34.677326","-58.331551"
"1359","3","2027","Avenida 25 De Mayo 2127","-31.4288","-62.0894"
"1360","14","1326","Italo Delloro 1781","-45.79548","-67.43295"
"1361","14","1115","9 De Julio 746","-38.98905","-64.09913"
"1362","4","2479","Avenida Primera Junta None","-32.99154","-58.522164"
"1363","14","4334","Tierra Del Fuego 1886","-46.44146","-67.54386"
"1364","14","3609","Hector Gil 64","-39.29944","-65.64777"
"1366","14","3523","Avenida Del Libertador 75","-38.82733","-68.14441"
"1367","14","3577","Ruta 40 Km 2216.6 0","-40.1769","-71.37765"
"1368","21","2009","Ruta Nac 8 Entre 9 De Julio Y Lamadrid S.N None","-33.38916","-64.71816"
"1369","2","809","Cl Arellano 226","-34.245404","-59.472474"
"1372","12","13","Av. Libertador 15301","-34.47436","-58.50185"
"1380","7","827","Acceso Este Lateral Norte 3280 3280","-32.9037","-68.79443"
"1386","2","571","Cl Ricardo J Davel 1275","-34.8600505","-58.3849381"
"1387","14","4396","Saavedra 1000","-46.80018","-67.96864"
"1388","14","3543","Coronel Suarez 465","-39.95196","-71.06918"
"1389","2","570","Av Eva Peron 950","-34.7735937","-58.384968"
"1390","14","5181","San Martin 1506","-54.80924","-68.31342"
"1391","14","1136","La Rioja 357","-36.61363","-64.29109"
"1393","14","2930","Av. Sarmiento 1065","-35.24001","-63.57239"
"1396","13","1560","Avenida Nu","-31.363","-64.2367"
"1397","13","1560","Friuli 1845","-31.4478","-64.199"
"1398","2","312","Av 122 0","-34.892971","-57.945932"
"1400","3","3279","Calle Av.Roca S/N Entre Villa Del Milagro Y Calle 0","-35.4752","-69.5916"
"1410","7","3284","San Martin 958 Y Esq. Amigorena 958","-32.89205","-68.83912"
"1411","6","185","Boulevard Rosas Juan Manuel De 658","-34.6338","-58.6285"
"1414","6","936","Diagonal San Lorenzo 3773","-34.5633","-58.5585"
"1416","6","607","Avenida Parana 3745","-34.5084","-58.5227"
"1419","9","3609","Avallaneda 872","-39.2919767633589","-65.6606961505386"
"1420","9","3724","Las Heras 295","-39.0987909443369","-67.0861319916222"
"1421","9","3612","Brentana 621","-38.9359173635295","-67.9874963777038"
"1423","9","3724","Av. Rivadavia Y Sarmiento 0","-39.0934786174835","-67.0847613828155"
"1424","7","798","Ruta Nacional 205 Km 182 (Descendente) Y Frocham None","-35.62447","-59.77807"
"1426","7","981","Ruta Nacional 193 Km 3 (Descendente) None","-34.13488","-59.04728"
"1429","9","3523","Honduras 1111","-38.8331556370311","-68.1371212005615"
"1430","7","2040","Avenida Espana Y Maipu None","-33.29303","-66.33493"
"1435","24","3560","Alumine 630","-38.96191","-68.03689"
"1439","24","3560","Antartida Argentina 1830","-38.94749","-68.08462"
"1447","2","2479","Cl Rivadavia 590","-33.0071111","-58.5119321"
"1453","2","634","Cl Vicente Lopez 844","-34.8198093","-58.4673986"
"1454","2","527","Cl Magnasco 3147","-34.7482106","-58.5884615"
"1455","2","617","Cl Hipolito Irigoyen 357","-34.6612587","-58.7263109"
"1457","2","902","Cl Luis Maria Drago 238","-34.47267","-58.762683"
"1458","2","3734","Cl Salta 957","-34.7693312","-58.3556143"
"1459","2","641","Cl Cap.Claudio Rosales 1549","-34.6307077","-58.5897402"
"1462","13","103","Vieytes Juan Hipolito 1046","-34.739","-58.4084"
"1463","13","205","Belgrano Entre Calle 15 Y Pellegrini 0","-34.8819","-58.0544"
"1464","2","96","Cl Boulevar Del Valle 512","-37.8407516","-58.2562523"
"1465","2","571","Cl Rivadavia 1495","-34.85823","-58.389308"
"1471","2","896","Cl Hipolito Yrigoyen 1973","-34.4692902","-58.6512228"
"1474","2","887","Av Colon 1143","-37.317411","-59.134689"
"1475","14","1403","Pellegrini 1422","-43.26608","-65.30158"
"1477","13","2119","San Martin 311","-31.4188","-64.4951"
"1478","13","600","Rawson Guillermo 1199","-38.0129","-57.5436"
"1480","7","2823","Boulevard Orono 1302 Y Tres De Febrero 1302","-32.95017","-60.65523"
"1481","13","825","Blanco Encalada 2509","-34.4769","-58.5733"
"1483","4","3560","Olascoaga 350","-38.908579","-70.06295"
"1484","4","2226","Avenida Ferr","-27.477101","-58.815871"
"1485","3","3230","America 2780","-32.9127","-68.8762"
"1486","7","4436","Autopista Rosario / Santa Fe Km 101 (Ascendente) None","-32.03042","-60.99063"
"1487","7","905","Sadi Carnot 1694 1694","-38.36092","-60.28755"
"1488","7","216","Ruta Nacional 14 Km 150 (Ascendente) None","-32.26913","-58.23992"
"1489","7","125","Avenida Zapiola 26 Y San Martin 26","-34.71228","-58.27498"
"1490","7","2115","Avenida Goycochea 1169 Y Boveroux 1169","-31.29942","-64.28803"
"1492","8","617","Eva Per","-34.662763","-58.62556"
"1496","21","3275","Roque Saenz Pe","-33.03649","-68.88956"
"1497","11","532","Avenida Hip","-34.706011","-58.391856"
"1498","2","66","Cl Ricardo Gutierrez 435","-34.061751","-60.104689"
"1499","8","435","Jauretche 1125","-34.589666","-58.63268"
"1501","8","617","Echeverri 943","-34.703359","-58.7436"
"1503","13","2115","Goicochea 1327","-31.3015","-64.2856"
"1511","7","670","Avenida A. Del Valle 4545 Y Pellegrini 4545","-36.9095","-60.31262"
"1520","2","2312","Perello 279","-30.250668","-57.63942"
"1522","3","600","Avenida Luro Pedro 3901","-37.9922","-57.5587"
"1523","3","655","Av. 59 Esq. Calle 38 1660","-38.5611","-58.7305"
"1524","12","267","Ruta 26 Y Acceso A Del Viso None","-34.440125","-58.78275"
"1525","3","815","Calle 3 3189","-36.3588","-56.7186"
"1527","14","3708","Av. De Los Pioneros 4400","-41.13137","-71.36172"
"1529","14","1136","Pilcomayo 1551","-36.60009","-64.30109"
"1530","14","903","Simini 836","-35.97863","-62.74153"
"1531","14","4405","Estrada 108","-51.61964","-69.22224"
"1532","14","616","Calle 38 946","-34.64359","-59.43586"
"1533","14","2247","Av. Primeros Consejales 256","-29.14212","-59.26214"
"1534","14","1343","Martin Miguel De Guemes 616","-43.3005","-65.49149"
"1535","14","4314","Ruta Nacional 40 Km 389","-51.60864","-72.2049"
"1536","14","4405","Pablo Neruda 451","-51.61293","-69.24545"
"1538","13","1560","J.M. Estada 68","-31.4277","-64.188"
"1540","11","889","Boulogne Sur Mer 1398","-34.697745","-58.50713"
"1544","15","3560","Eugenio Perticone 1255","-38.959167","-68.039444"
"1547","15","2548","Anacleto Medina 319","-31.721006","-60.547111"
"1548","15","4807","Ruta Nac 168 Km 474 None","-31.644722","-60.692778"
"1549","15","92","Sarmiento 4114","-38.684722","-62.227778"
"1551","7","2823","Santa Fe 1682 Y Esq Espana 697 1682","-32.94343","-60.64583"
"1552","16","600","Libertad 5750","-37.97773","-57.57416"
"1553","16","96","Av Kelly 792","-37.84951","-58.26133"
"1554","16","600","Rivadavia 2248","-38.00206","-57.54395"
"1555","16","600","Saavedra 2602","-38.01463","-57.55899"
"1556","16","600","Av. Jara 3560","-38.00208","-57.58317"
"1557","16","600","Belgrano 4150","-37.99313","-57.56379"
"1558","16","600","Rivadavia 2602","-38.00024","-57.54752"
"1559","16","600","Peralta Ramos 1766","-38.03104","-57.58574"
"1560","16","600","Juan B. Justo 750","-38.03516","-57.54969"
"1562","14","4749","Aconcagua 555","-31.25174","-61.46323"
"1563","14","4355","Belgrano 1998","-31.44565","-60.94322"
"1564","14","4749","Rivadavia 53","-31.25247","-61.4991"
"1565","14","4749","Lincoln 1598","-31.25889","-61.51056"
"1566","14","826","Bartolome Mitre 1143","-31.90554","-61.85577"
"1567","3","1156","Av. Aconquija Y L.L. De La Vega 0","-26.8149","-65.2825"
"1568","14","1326","Av. Chile 1625","-45.88359","-67.53948"
"1569","13","1560","Ituzaingo 701","-31.4252","-64.1848"
"1570","3","5086","25 De Mayo Y Chacabuco 0","-27.7298","-64.2436"
"1572","21","4105","Av. Peron Esq. Paul Harris None","-33.65968","-65.4461"
"1573","21","4904","Mariano Moreno 450","-33.006616","-68.649822"
"1574","3","3284","Tropero Sosa 15","-33.0865","-68.4619"
"1576","2","2131","Cl H. Irigoyen 907","-31.553545","-63.53476"
"1577","2","1417","Pedro C. Molina 244","-32.196961","-64.252269"
"1578","2","1672","Bv Rivadavia 300","-32.426197","-63.738309"
"1579","2","1907","Cl Belgrano 941","-31.9151891","-63.6792919"
"1580","2","1731","Velez Sarsfield 865","-33.417932","-63.296037"
"1581","2","1816","Gral Roca 741","-32.657917","-62.299299"
"1582","2","2446","San Martin 484","-32.0697098","-60.6378708"
"1583","26","2823","Mendoza 255","-32.953823","-60.627932"
"1584","3","3320","Bandera De Los Andes 10008","-32.9062","-68.7829"
"1590","21","2049","Emilio Mitre 559","-34.61638","-68.32132"
"1592","31","1560","Av. Santa Ana 3551","-31.412738","-64.230768"
"1593","7","2440","Catamarca 90 E/ J.J Urquiza Y C. Pellegrini 90","-31.39505","-58.01638"
"1594","7","759","Avenida Calchaqui 3950 3950","-34.76032","-58.2779"
"1595","7","4749","Boulevard Roca 204 204","-31.25197","-61.49408"
"1596","7","723","Las Magnolias Y Ruta Panamericana Km. 50.5 None","-34.44558","-58.87077"
"1600","3","513","Calle 525 1316","-34.8955","-57.9801"
"1601","3","513","Calle 13 Bis 1936","-34.9362","-57.9344"
"1610","7","461","Int Carlos Ratti 1720 Y Monroe 1720","-34.6489","-58.68642"
"1611","4","2823","Avenida Circunvalacion 1977","-32.980617","-60.624366"
"1612","2","705","Cl Mitre 316","-35.81316","-61.896981"
"1615","4","829","Avenida Don Bosco 2680","-34.658072","-58.591214"
"1616","4","435","Avenida Vergara 1910","-34.62086","-58.633629"
"1618","4","634","Camino De Cintura 2200","-34.780583","-58.458298"
"1620","4","1130","Avenida San Mart","-34.586145","-58.521101"
"1623","2","312","Cl La Merced 220","-34.860558","-57.9032607"
"1624","2","397","Cl Jose Maria Moreno 400","-34.7693634","-58.6451543"
"1627","2","570","Cl Maipu 148","-34.7431662","-58.3939275"
"1631","21","466","Gral .Bartolome Mitre 969","-33.1466","-68.47816"
"1632","21","1560","Pellegrini 281","-32.76004","-64.33812"
"1633","7","1136","Avenida San Martin Y Coronel Gil 415 415","-36.62118","-64.28967"
"1634","13","1011","Avenida Moron Senador 980","-34.5608","-58.6785"
"1635","21","848","Av. Libertador San Martin Este 2290","-31.53331","-68.4946"
"1637","21","2049","Juan Bautista Alberdi 290","-34.62738","-68.33136"
"1638","21","3275","Sargento Cabral 482","-33.03811","-68.8746"
"1639","2","936","Cl 9 De Julio 5300","-34.5582314","-58.5699744"
"1640","21","3275","E.Puebla Esq.Ruta Provincial 15Km 22","-33.07518","-68.88529"
"1643","14","3612","Esmeralda 1333","-38.94045","-67.98992"
"1645","2","88","Av San Martin 676","-36.7810658","-59.8595911"
"1646","2","896","Cl Santa Maria 2539","-34.4184565","-58.5960217"
"1650","2","838","Av Belgrano 949","-33.6787416","-59.6679614"
"1651","2","1452","Cl Cordoba 602","-32.629875","-62.694435"
"1652","24","3724","Mitre 267","-39.09949","-67.09223"
"1653","25","3560","Godoy 517","-38.94895","-68.11744"
"1656","25","3560","Alte. Brown 140","-38.95351","-68.0624"
"1657","25","3560","Av. San Juan 51","-38.94622","-68.05743"
"1658","24","3588","Afione 341","-38.89891","-70.07384"
"1659","12","723","Ruta 8 Esq. Las Magnolias Km 50 None","-34.44959","-58.86835"
"1660","4","4405","Avenida Dr. N","-51.62268","-69.21284"
"1661","4","2648","Espa","-26.181476","-58.166776"
"1662","4","1136","Avellaneda 151","-36.618338","-64.291249"
"1664","12","513","Av. 7 Esq. Calle 532 623","-34.90023","-57.969828"
"1666","11","1385","28 De Julio 136","-42.766295","-65.035411"
"1675","10","185","Santa Rosa 1753","-34.640349","-58.655782"
"1678","7","278","Av.Colectora Este (Panamericana) 25903 Y Ruta 202 25903","-34.48482","-58.61425"
"1679","10","355","Av. Belgrano 950","-34.4179366","-58.7255946"
"1680","7","278","Ruta Nacional 202 Km (Descendente) Y Av. Del Trabajo None","-34.50183","-58.6451"
"1691","2","905","25 De Mayo 302","-38.3814993","-60.2758305"
"1695","2","379","Pueyrredon 351","-35.033081","-63.012165"
"1697","2","616","San Martin 1246","-29.180941","-58.079052"
"1698","2","207","Av Hipolito Yrigoyen Y Marcelo T. De Alvear 2040","-34.6238633","-58.5582513"
"1699","2","1434","Av Arturo Illia 796","-31.414566","-63.046571"
"1712","14","1662","San Juan 1425","-39.03559","-67.57999"
"1713","14","4405","Santa Fe 1385","-51.62105","-69.24618"
"1714","14","1136","Ameghino 1250","-36.6323","-64.29628"
"1715","14","4400","Perito Moreno 945","-47.74948","-65.87128"
"1716","14","804","Moreno 360","-34.29722","-60.24628"
"1718","15","968","Moldes 1023","-32.913611","-68.827222"
"1723","9","3608","Sarmiento 342","-39.1637750329709","-66.1446046829224"
"1726","3","1560","San Jeronimo 2830","-31.4235","-64.1472"
"1727","21","617","Coronel N. Mercau 1176","-32.33852","-65.01436"
"1728","9","3523","Ballester 383","-38.8256669252916","-68.1454467773437"
"1729","2","216","Av Pte.Peron 378","-32.2190005","-58.1482778"
"1731","2","2478","Cl San Antonio 0","-33.13578","-59.314408"
"1732","2","2443","Cl Independencia 1660","-32.036205","-60.308697"
"1733","2","2440","Cl San Juan 784","-31.3951436","-58.0129175"
"1734","2","2463","Av Coronel Antelo 660","-30.956411","-58.781227"
"1736","2","2462","Cl Jose Ignacio Benitez 256","-30.9850361","-57.9198417"
"1737","2","82","Av Galicia 759","-34.6709522","-58.3904001"
"1738","3","3118","25 De Mayo Y Jujuy 0","-31.5309","-68.521"
"1739","26","2823","Av. Alberdi 465","-32.922428","-60.680334"
"1740","26","2823","Av. Pellegrini 1966","-32.954975","-60.653201"
"1742","26","2823","Catamarca 1498","-32.939591","-60.64213"
"1743","3","2548","Avenida Almafuerte Prolong 1670","-31.7551","-60.4993"
"1745","6","1156","Cariola Fermin 42","-26.822","-65.2615"
"1746","6","3230","Balcarce Gonzalez Gdor Gral Juan Ramon 897","-32.9169","-68.838"
"1747","7","725","Avenida Jupiter E/ Jason Y Avenida Constitucion None","-37.11008","-56.8705"
"1748","7","912","Avenida Antartida Argentina 696 Y Frias 3308 696","-34.79277","-58.41428"
"1749","21","2049","Rivadavia 660","-34.6078","-68.3355"
"1753","7","411","Ruta Provincial 65 Km (Ascendente) Y Ruta Nacional 33 None","-37.03877","-62.38347"
"1754","3","1982","Avenida Alvear Presidente Marcelo Torcuato De 350","-33.1098","-64.3415"
"1755","12","461","Av. Pte. Peron 8499","-34.628829","-58.6882801"
"1756","3","2049","Av. Yrigoyen Presindente 875","-34.6128","-68.3403"
"1758","3","3284","R. Panamericana 2675","-32.9557","-68.8577"
"1759","23","1560","Av. Colon 3265","-31.401621","-64.223639"
"1761","23","2115","Av. Goycoechea Esq 9 De Julio None","-31.295597","-64.294248"
"1770","23","1988","Sarmiento 1096","-31.651386","-63.910924"
"1771","2","2609","Cl Sarmiento 1665","-32.2147611","-58.2220274"
"1772","2","946","Cl J.J. Castelli 1444","-32.160073","-58.402913"
"1776","2","930","Cl 9 De Julio Y Peron 150","-32.6220245","-60.1570702"
"1777","2","2541","Cl  Caseros 1200","-32.397116","-59.792151"
"1779","2","583","Cl Humberto Primero 1000","-34.567026","-59.111166"
"1789","21","358","San Rafael 293","-34.98097","-67.69565"
"1790","21","3230","Fancisco P.Moreno 1016","-32.93603","-68.84589"
"1792","21","3340","San Martin Y Publica None","-33.65458","-69.1573"
"1794","2","654","Cl Bme Mitre 431","-35.005151","-59.278074"
"1795","2","360","Av Espa","-35.767071","-58.493309"
"1797","2","566","Cl Pte Peron 345","-35.1888412","-59.0967829"
"1798","2","84","Cl Alem 925","-37.15398","-58.487377"
"1804","25","3612","Av. Alem 336","-38.93567","-67.99613"
"1805","25","3560","Av. Del Trabajo Y C. Cura 0","-38.94466","-68.10196"
"1806","25","3568","Buenos Aires 179","-38.9571","-68.22889"
"1807","25","3560","Alderete 1985","-38.95107","-68.03139"
"1808","25","3560","Godoy 1450","-38.93956","-68.11735"
"1809","25","3560","Las Orquideas 0","-38.93301","-68.074"
"1810","25","3588","Avellaneda 99","-38.90739","-70.06733"
"1811","25","3560","Planas 950","-38.95929","-68.0788"
"1812","25","3560","Av. Alascoaga Y Fava 0","-38.969","-68.05966"
"1813","25","3560","Belgrano 1154","-38.95083","-68.07539"
"1817","4","1385","Gales 1315","-42.775492","-65.048586"
"1818","21","2299","Belgrano 155","-32.72154","-68.59239"
"1821","21","2022","San Martin 202","-33.77986","-69.06668"
"1822","21","3341","Belgrano 80","-33.3762","-69.1499"
"1823","21","3340","Lavalle 88","-33.57553","-69.01775"
"1824","3","3230","Sarmiento Domindo Faustino 998","-32.9393","-68.8347"
"1825","21","3230","B. Huisi Mza 10 Lote 1","-32.9456","-68.87092"
"1826","7","155","Colectora Sur Ruta 9  Km 72 (Descendente) None","-34.19923","-58.93825"
"1828","7","155","Colectora Norte De Ruta Nacional N","-34.19848","-58.93808"
"1841","10","3560","Dr Ramon 382","-38.942149918","-68.06446909"
"1843","10","532","Av. Hipolito Yrigoyen 6174","-34.7269341","-58.3956649"
"1844","10","796","Av. Ricardo Balb","-34.5549061","-58.4870293"
"1846","10","103","Av. Hipolito Yrigoyen 8028","-34.7494248","-58.4002232"
"1847","2","2478","Cl Maipu 234","-33.149666","-59.316711"
"1848","2","570","Av M. Rodriguez Y G. Mistral 950","-34.7329159","-58.4289309"
"1850","2","82","Av Belgrano 4222","-34.7177549","-58.3442232"
"1851","2","2415","Av Alem 1960","-30.761145","-57.996407"
"1852","2","2440","Av Alvear 954","-31.3902116","-58.0243081"
"1853","2","2614","Cl San Martin 1524","-31.855744","-59.027234"
"1856","24","3611","Blumetti 461","-38.82925","-68.06397"
"1867","1","2146","Ruta 158 Km 155 None","-32.387278","-63.242153"
"1877","7","540","Av. Manuel Venancio Paz 1497 1497","-36.02748","-59.08368"
"1880","7","2847","Ruta Nacional 52 Ascendente None","-23.23814","-67.01895"
"1882","14","3708","Gallardo 801","-41.13814","-71.29829"
"1883","14","466","Ruta 7 Km 260","-34.60156","-60.96794"
"1884","14","216","Calle 20 718","-33.89863","-61.10836"
"1885","7","4105","Ruta Nacional 7 Km 696.500 (Ascendente) None","-33.64283","-65.47185"
"1886","25","3560","Belgrano 2186","-38.95066","-68.08955"
"1889","23","723","Tomas Garzon 234","-31.681017","-63.88091"
"1891","7","2440","Huarte Y M Rosch None","-31.29497","-58.00603"
"1892","23","1154","Cenobio Soto 99","-31.945415","-65.192428"
"1897","21","3112","Lavalle 453","-33.19679","-68.46727"
"1900","2","565","Cl Suarez Garcia 101","-38.160695","-58.78199"
"1901","2","82","Cl 25 De Mayo 119","-34.661258","-58.364139"
"1905","3","435","Camino De Cintura Gobernador Vergara 3275","-34.6031","-58.6354"
"1908","7","1560","Avenida De La Cordillera 3947 Y Spilimbergo 3947","-31.36393","-64.22602"
"1909","14","2821","San Martin 553","-53.7863","-67.70084"
"1910","7","1560","Avenida Sabattini 459 459","-31.42735","-64.17165"
"1911","7","1432","Avenida Recta Martinoli 5981 Y Ticho Brahe 5981","-31.3503","-64.25165"
"1914","9","655","Av. 58 3059","-38.556318078542","-58.7420058283806"
"1915","9","655","Av. 59 1202","-38.5653003841067","-58.7260272294997"
"1917","7","4560","Autopista P E Aramburu Km 256 (Ascendente) None","-33.227","-60.45885"
"1918","3","3284","Paso De Los Andes 82","-32.8997","-68.8598"
"1920","3","3284","9 De Julio 100","-33.0818","-68.4722"
"1921","3","3284","Perrupato 356","-33.0863","-68.4807"
"1922","3","3284","Santiago Del Estero Provincia De 25","-32.8707","-68.8337"
"1923","3","594","Vasquez Padre 328","-32.9824","-68.7883"
"1924","3","3994","Lavalle 942","-33.0708","-68.4729"
"1925","3","3340","San Martin 1211","-33.0325","-68.8777"
"1926","23","1112","Av. Presidente Peron 149","-29.277527","-65.060293"
"1927","23","1560","Av. Richieri 4200","-31.459773","-64.168204"
"1928","23","4950","Corrientes Esq Juan Ibarra 98","-28.639088","-65.133155"
"1929","23","1560","Agustin Garzon 4916","-31.427771","-64.123136"
"1940","9","903","Av. Regimiento 3 De Caballer","-35.9818132472394","-62.7438050508499"
"1941","9","3600","Av. San Mart","-37.8833217522267","-67.7988195419312"
"1942","9","705","Alsina 253","-35.8125004364369","-61.895790338549"
"1943","9","3593","Irigoyen 648","-38.9745274031816","-67.8394797744113"
"1944","9","3568","Batilana 211","-38.9567069242675","-68.2449026124451"
"1946","9","3669","Rivadavia 412","-39.4222624567922","-65.7031613588333"
"1948","9","3588","Avellaneda 720","-38.9044669931728","-70.061003297742"
"1949","9","705","Av. San Mart","-35.8126905331275","-61.8955764826387"
"1952","3","1560","Avenida Olmos Emilio F 78","-31.4279","-64.1833"
"1955","21","2049","Comodoro Pi 407","-34.60466","-68.31729"
"1956","21","3118","Granaderos Y Rivadavia 975","-31.51926","-68.56146"
"1958","21","3351","Pedro Del Castillo Y Tito Laciar 925","-32.89917","-68.78488"
"1963","2","723","Av Thomas Marquez Y Braschi 1000","-34.463241","-58.910893"
"1967","2","202","Av Ceballos 172","-34.8940464","-60.0228134"
"1968","21","594","Tropero Sosa 441","-32.98736","-68.784528"
"1969","4","5181","12 De Octubre 169","-54.815339","-68.334293"
"1970","4","1403","Soberan","-43.257406","-65.305084"
"1972","3","466","Roca Ataliva 35","-34.5946","-60.9481"
"1974","7","4807","Boulevard Pellegrini 2550 2550","-31.63543","-60.70268"
"1976","3","616","Avenida 29 399","-34.6533","-59.4327"
"1977","7","1560","Monsenor Pablo Cabrera Y Esq Cardenoza None","-31.37098","-64.20615"
"1979","3","583","25 De Mayo 260","-34.5623","-59.1199"
"1980","7","607","Avenida Edison  2680 Y La Habana 2680","-34.50533","-58.52572"
"1983","8","570","Murature 2169","-34.706976","-58.43894"
"1988","8","583","Mitre 226","-34.565687","-59.119412"
"1997","12","197","Ruta 2 Km 115.5 None","-35.528798","-58.012131"
"1998","12","820","Acceso Norte Ramal Tigre  Km 26.4 None","-34.448633","-58.576591"
"1999","12","820","Acceso Norte Ramal Tigre  Km 26.4 None","-34.448712","-58.576949"
"2000","4","461","Blas Parera 650","-34.665706","-58.66228"
"2001","4","1326","Avenida Polonia 1340","-45.867822","-67.535787"
"2002","12","838","Ruta Nac. 9 Km 154 None","-33.432259","-59.484702"
"2003","2","2359","Rivadavia 1871","-31.6653404","-60.7653809"
"2004","2","833","Cl Av.Primera Junta 952","-34.5317321","-58.7221086"
"2005","2","673","Cl Gobernador Ugarte 2450","-34.5185576","-58.5005836"
"2006","2","243","Av Avellaneda 110","-37.449135","-57.72747"
"2009","2","338","Cl Lujan Esq. Olavarria 2002","-34.829305","-58.228639"
"2010","2","267","Cl Valentin Gomez 0","-34.4517657","-58.7974943"
"2011","2","435","Cl Villegas 0","-34.58276","-58.658565"
"2012","2","32","Cl Boulev De Mayo Y Av Mitre 4138","-34.984291","-58.376123"
"2013","2","692","Cl S.M. Del Carril Y Ruta 7 169","-34.65598","-58.762382"
"2014","2","641","Cl Independencia 173","-34.6467621","-58.6184887"
"2021","2","840","Cl 25 De Mayo 0","-35.0221052","-58.4204728"
"2024","2","1130","Cl 1","-34.5911652","-58.5591593"
"2025","2","4807","Cl Salta 2817","-31.649562","-60.7106075"
"2036","2","1642","Belgrano 580","-30.017418","-59.527042"
"2038","7","88","Ruta Nacional 3 Km 299 (Descendente) Y Camino Viejo A Tandil (7300) None","-36.79458","-59.8425"
"2039","11","3154","Bvard. Granaderos 2906","-31.374582","-64.213952"
"2040","11","670","Avenida Del Valle 4379","-36.908468","-60.314451"
"2042","11","3230","Beltr","-32.904993","-68.85179"
"2044","11","513","Calle 7 767","-34.913299","-57.9518"
"2046","11","82","Avenida Belgrano 422","-34.661594","-58.36828"
"2053","10","1592","Segurola 1701","-34.6204884","-58.4992502"
"2054","10","10","Ag","-34.6027526","-58.4114132"
"2057","10","889","Boulogne Sur Mer Y Av De La Cooperacion -1","-34.7030125","-58.4995605"
"2058","10","2823","Mendoza 3901","-32.9446397","-60.6778049"
"2060","10","2823","Urquiza 1644","-32.9416062","-60.6448748"
"2061","10","2823","Tres De Febrero 1602","-32.9514498","-60.6467395"
"2063","3","545","Av. Santa Ana 4320","-31.4105","-64.241"
"2064","14","202","Av. Federico Soarez 52","-34.8954","-60.0175"
"2065","14","5181","C.Rubino De Rio 188","-54.8179","-68.3353"
"2066","14","192","Sarmiento 36","-34.64362","-60.47103"
"2067","14","3593","Juan B.Justo 227","-38.96982","-67.82993"
"2068","14","3612","Roca 623","-38.94926","-67.98271"
"2069","14","3588","9 De Julio 574","-38.89284","-70.06664"
"2070","14","142","Rivadavia 2070","-35.12003","-60.48006"
"2071","11","580","25 De Mayo 2650","-34.500194","-58.69475"
"2072","11","185","Gob. Arias 2420","-34.651087","-58.64305"
"2074","11","930","Av. Pres. Tte. Gral. Juan Domingo Per","-34.453667","-58.538105"
"2076","14","1341","Av. Holdich 424","-42.91209","-71.30256"
"2077","14","3600","Ing. Eduardo Garro 538","-37.91387","-67.84058"
"2078","14","1384","Cacique Nahuelpan 1071","-43.31893","-65.05033"
"2079","14","4405","Juan Jose Paso 1475","-51.63866","-69.22013"
"2080","14","3568","San Martin 507","-38.93988","-68.23141"
"2081","14","88","Monse","-36.78289","-59.85077"
"2084","14","4396","20 De Noviembre 451","-46.79489","-67.95859"
"2087","4","1279","Juan Domingo Per","-27.441389","-58.999085"
"2093","2","903","Cl Mitre 56","-35.9707542","-62.7318736"
"2095","23","1589","Rivadavia 160","-30.424783","-64.351278"
"2096","21","3351","Carril Godoy Cruz 6470","-32.90092","-68.76274"
"2098","7","30","Autopista Tte Gral Pablo Riccheri Lado Sur Km 36.250 (Descendente) None","-34.71472","-58.50775"
"2101","21","594","Ruta Prov 50 5520","-32.99476","-68.6746"
"2112","2","2440","Av Independencia Esquina Neuquen 125","-31.348497","-58.010184"
"2113","2","2440","Coldaroli 78","-31.3889553","-58.0152199"
"2115","2","2614","Rivadavia 29","-31.8696614","-59.0284795"
"2116","21","2040","Doctor O. Frattaroli 350","-32.733805","-65.286374"
"2117","7","3284","Paso De Los Andes 16 16","-32.90192","-68.8602"
"2118","9","3560","Chocon Entre Bahia Y Mex 0","-38.9690400085708","-68.0510197870899"
"2119","9","565","Av. San Mart","-38.1647132315235","-58.7819235920688"
"2120","9","7","Av. Mitre 2537","-35.4512894824192","-60.8974763451261"
"2124","2","857","Cl Rodriguez Pe","-34.5975856","-58.5423574"
"2125","2","569","Cl Guatambu 204","-34.8183783","-58.4257131"
"2126","2","449","Cl R.197 2371","-34.494028","-58.704919"
"2128","2","600","Cl San Juan 1254","-37.9876162","-57.560025"
"2129","2","600","Av Pedro Luro 1602","-37.9742308","-57.5945595"
"2130","13","764","Avenida Rivadavia 14454","-34.642","-58.5702"
"2131","3","3118","Avenida Albarracin De Sarmiento Norte Paula 420","-31.5358","-68.5144"
"2132","13","185","Arias Gobernador Inocendio 3247","-34.6491","-58.6561"
"2133","13","641","Garcia Silva Intendente 855","-34.6537","-58.6231"
"2134","3","3118","Diagonal Sarmiento Y Rivadavia Caucete 0","-31.5358","-68.5142"
"2135","21","2049","Mitre 1120","-34.6223","-68.31392"
"2136","27","2119","Cassaffoutsh 59","-31.415957","-64.502649"
"2137","27","2139","Ojo De Agua 356","-31.979941","-64.553286"
"2141","3","3118","General Acha 1482","-31.5172","-68.5259"
"2148","3","3118","Av. Ignacio De La Roza 1946","-31.5389","-68.5556"
"2151","5","2809","Coronel Arias 450","-24.378393","-65.120764"
"2152","12","312","Progresiva - Autop. La Plata / Bs -  (A  Capital) 5700","-34.86586","-58.003415"
"2153","12","122","Progresiva - Autop. Bs.As/La Plata - (A  La Plata) 17400","-34.811905","-58.104034"
"2155","2","670","Cl Rivadavia 2746","-36.894088","-60.322967"
"2158","2","253","Cl Lavalle 99","-36.599707","-61.749462"
"2165","7","2823","Mitre 502 Y Urquiza 502","-32.94298","-60.63895"
"2167","3","810","Avenida Peron Presidente Juan Domingo 23740","-34.6657","-58.6971"
"2168","3","641","Avenida Rivadavia 17552","-34.6488","-58.6126"
"2170","3","185","Avenida Zeballos Dr. Estanislao 3154","-34.6561","-58.6519"
"2172","3","833","Avenida Mitre Bartolone 4696","-34.6561","-58.6519"
"2173","21","771","Vidart 3746","-31.5708","-68.5589"
"2175","3","617","Suipacha 645","-34.6667","-58.7279"
"2178","3","3230","Avenida San Martin Sur Gral Jose De 698","-32.9174","-68.8461"
"2181","8","598","Rp26 162","-34.381859","-58.753149"
"2182","8","934","Paran","-34.525867","-58.54869"
"2183","8","1130","Carrillo 2170","-34.574715","-58.53998"
"2184","8","267","Av. Ing Eduardo Madero 1050","-34.449581","-58.79686"
"2186","7","82","Autopista Buenos Aires / La Plata (Norte) Km 13.500 (Descendente) None","-34.68492","-58.30323"
"2187","12","981","Ruta 9  Km 92 None","-34.111067","-59.125518"
"2190","12","207","Acceso Oeste Y Calle Republica Km 3.7 None","-34.629473","-58.558307"
"2191","12","461","Acceso Oeste Y Gabriela Mistral Km 14.8 None","-34.63133","-58.67813"
"2196","12","13","Av. Santa Fe 960","-34.48157","-58.50573"
"2199","9","3560","Piuqu","-38.9257176041416","-68.0839358561207"
"2200","4","513","Camino Gral. Belgrano None","-34.893587","-57.994037"
"2201","4","2612","Avenida Col","-31.394187","-64.243226"
"2202","14","1366","Ruta Provincial 16 Km 11 0","-42.0657","-71.60277"
"2205","4","825","Bernardo De Irigoyen 2647","-34.491272","-58.588461"
"2208","2","532","Cl Coronel Beltran 239","-34.7256805","-58.3981378"
"2211","4","759","Avenida La Plata 1400","-34.735048","-58.278676"
"2214","3","5086","Av. Rivadavia Esq. Ejercito Argentino 0","-27.7786","-64.2578"
"2215","21","3351","Fader 791","-32.90473","-68.7658"
"2218","15","2226","Gregorio Pomar 840","-27.470051","-58.805929"
"2222","15","820","Cno Bancalari E/202 Y Uruguay None","-34.48417","-58.595829"
"2227","7","2548","Avenida Almafuerte 795 Y Ayacucho 795","-31.74825","-60.50768"
"2230","11","3275","Azcu","-33.036458","-68.87872"
"2231","11","3284","Jorge A. Calle 631","-32.86905","-68.85644"
"2232","11","3284","Suipacha 556","-32.877347","-68.855163"
"2233","11","3341","Belgrano Norte 1170","-34.61886","-68.27368"
"2234","11","3284","Avenida San Mart","-32.888123","-68.838726"
"2235","11","1130","Balcarce 141","-32.91875","-68.836924"
"2237","11","3284","Col","-32.894529","-68.84492"
"2238","11","1982","Sobremonte 902","-33.125255","-64.348923"
"2241","11","92","Brown 51","-38.720499","-62.268058"
"2242","7","600","Alberti 2128 2128","-38.00925","-57.54805"
"2243","7","2049","Avenida Hipolito Yrigoyen 515 Y 9 De Julio 515","-34.61425","-68.33647"
"2244","7","599","Av. Libertador 1425 1425","-36.72085","-56.68982"
"2251","17","840","Avenida 25 De Mayo 37","-35.023461","-58.423525"
"2252","4","583","Avenida Pellegrini 1050","-34.561101","-59.103714"
"2258","14","1385","Italia 500","-42.76981","-65.04419"
"2259","14","3707","Moreno 42","-40.74101","-64.94911"
"2260","14","3721","Alvaro Barros 1408","-40.81634","-63.00303"
"2261","14","1662","San Martin 96","-39.03705","-67.56781"
"2262","14","4405","Santa Cruz 220","-51.64111","-69.22923"
"2264","14","3724","Av. Cipolletti 502","-39.10342","-67.08733"
"2269","11","936","Independencia 4731","-34.550778","-58.55448"
"2272","11","420","Avenida Rivadavia 16051","-34.645091","-58.590501"
"2273","14","2920","Calle 9 51","-35.65388","-63.75222"
"2274","14","4362","San Martin 680","-48.76253","-70.22736"
"2275","14","1662","Evita 2475","-39.02999","-67.56884"
"2277","2","623","Calle 23 1036","-38.2722815","-57.837578"
"2279","14","4405","Corrientes 1308","-51.62891","-69.23756"
"2283","23","1560","Fragueiro 2415","-31.387312","-64.184167"
"2290","10","2403","Amenabar 2134","-34.5628202","-58.4588525"
"2292","10","2403","Av. Cabildo 545","-34.5713409","-58.4420995"
"2297","10","599","San Martin 251","-36.7214462","-56.6768593"
"2299","30","2131","San Juan 760","-31.557592","-63.536742"
"2300","23","1740","Rio Negro 249","-31.089486","-64.486559"
"2301","30","1560","Agustin Garzon Esq. Centro America None","-31.424414","-64.159383"
"2302","30","1560","Av. Vucetich 6714","-31.465265","-64.093979"
"2315","23","1154","Belgrano 199","-31.944647","-65.188052"
"2318","23","1560","Ruta 9 Km 9 None","-31.312421","-64.176628"
"2319","2","594","Cl Rivadavia 249","-36.863464","-57.880218"
"2321","3","2049","Avenida El Libertador 755","-34.6242","-68.3339"
"2325","2","600","Cl Alberti 2151","-38.0089747","-57.5481742"
"2328","21","358","Av. Sarmiento Norte 105","-35.00092","-67.50918"
"2334","3","2040","Av. Julio A. Roca Esq. Av. Juan D. Peron 0","-33.3065","-66.3236"
"2335","3","1403","Ruta N","-43.2648","-65.2797"
"2336","2","192","Av Hipolito Yrigoyen 51","-34.6346734","-60.4642224"
"2337","2","3941","Cl Pellegrini 328","-33.3346028","-60.2188972"
"2338","2","723","Av Tratado Del Pilar 131","-34.4527672","-58.9079006"
"2341","2","833","Cl Angel Delia 1621","-34.5406985","-58.710821"
"2345","27","990","Lucas V. Cordoba 965","-31.64848","-64.433943"
"2346","27","990","Av. Libertador 1740","-31.658608","-64.413147"
"2347","27","990","Consejal Alonso 770","-31.664987","-64.427644"
"2348","27","990","Av. Sarmiento 618","-31.654088","-64.442259"
"2349","27","990","Av.Belgrano 466","-31.658308","-64.42845"
"2350","27","990","Av. Libertador 790","-31.65864","-64.42357"
"2351","27","990","Agustin Aguirre 402","-31.654963","-64.430021"
"2352","27","2064","Espa","-32.065183","-64.539902"
"2353","27","2119","Av. Carcano 589","-31.431672","-64.498234"
"2354","7","1560","Avenida Rafael Nunez 4595 Y Echenique 4595","-31.36442","-64.23638"
"2365","7","420","Avenida Presidente Peron 1535 Y Rosales 1535","-34.63503","-58.58628"
"2367","10","723","Country Highland Park None","-34.419958","-58.794678"
"2374","15","583","Roberto J Payro 198","-34.548109","-59.112038"
"2376","15","859","Autopista Bs As La Plata Km 9 0 None","-34.678568","-58.334422"
"2377","15","884","Monse","-34.701453","-58.534011"
"2382","3","532","Avenida Yrigoyen Presidente Hipolito 4174","-34.7031","-58.3939"
"2383","6","820","Avenida Del Libertador Gral San Martin 2271","-34.4469","-58.5457"
"2396","11","3118","Gral. Acha 32","-31.534374","-68.524733"
"2398","11","2548","Uruguay 35","-31.731958","-60.523556"
